{"_timestamp":1.7458375235819337e+09,"_runtime":125.852305087,"_step":148,"Train loss":0.4834230499608176,"Val loss":0.41503408551216125,"_wandb":{"runtime":130},"Val accuracy":0.8043478260869565}