{"Train loss":0.4284211312021528,"_wandb":{"runtime":42},"Val loss":0.3762558698654175,"Val accuracy":0.8478260869565217,"_timestamp":1.7458373530306938e+09,"_runtime":42.046042284,"_step":49}