{"_step":35,"Train loss":0.39467156926790875,"Val loss":0.5171258499224981,"_wandb":{"runtime":3652},"Val accuracy":0.782608687877655,"Learning rate":1.638400000000001e-06,"_timestamp":1.7442107990470839e+09,"_runtime":3613.042557177}